{
  "total_records": 2000,
  "legitimate_clients": 1805,
  "fraud_cases": 195,
  "good_payers": 681,
  "defaulters": 1124,
  "avg_income": 1943.47151800554,
  "avg_debt": 1191.3133351800552,
  "generation_date": "2026-01-25T17:23:46.878968"
}